idx,label,clean_label,pred,correct,clean_correct,confidence,return_gap
12,0,0,1,0,0,0.820439875125885,4.2471160888671875
83,0,0,1,0,0,0.8294744491577148,23.840225219726562
226,0,0,1,0,0,0.9418588876724243,4.085113525390625
316,1,1,0,0,0,0.8696349263191223,6.7738037109375
443,1,1,0,0,0,0.8014209270477295,23.70330810546875
469,1,1,0,0,0,0.9411942958831787,5.384147644042969
739,1,1,0,0,0,0.814599871635437,6.165672302246094
852,1,1,0,0,0,0.886743426322937,16.28382110595703
893,1,1,0,0,0,0.8020012974739075,1.839141845703125
979,1,1,0,0,0,0.8300620317459106,1.5040359497070312
1691,1,1,0,0,0,0.9065929055213928,2.01373291015625
1694,1,1,0,0,0,0.8790076971054077,2.365203857421875
1842,1,1,0,0,0,0.8035715818405151,20.767845153808594
1888,0,0,1,0,0,0.8748942017555237,2.5590667724609375
