split,dataset_id,model,epochs,batch_size,context_len,max_windows,eval_episodes,avg_return,std_return,min_return,max_return,model_path
simple,mujoco/hopper/simple-v0,Decision Transformer,10,512,8,10000,10,834.899,303.639,395.638,1211.698,d4rl_three_way_results/model_decision_transformer_simple.pth
simple,mujoco/hopper/simple-v0,DT + Preference,10,512,8,10000,10,860.997,211.039,558.376,1089.666,d4rl_three_way_results/model_decision_transformer_preference_simple.pth
simple,mujoco/hopper/simple-v0,Perception Transformer,10,512,8,10000,10,544.569,121.565,201.809,625.517,d4rl_three_way_results/model_perception_transformer_simple.pth
medium,mujoco/hopper/medium-v0,Decision Transformer,10,512,8,10000,10,476.122,11.357,461.130,493.634,d4rl_three_way_results/model_decision_transformer_medium.pth
medium,mujoco/hopper/medium-v0,DT + Preference,10,512,8,10000,10,442.367,2.703,437.874,446.316,d4rl_three_way_results/model_decision_transformer_preference_medium.pth
medium,mujoco/hopper/medium-v0,Perception Transformer,10,512,8,10000,10,552.257,3.281,547.107,557.802,d4rl_three_way_results/model_perception_transformer_medium.pth
expert,mujoco/hopper/expert-v0,Decision Transformer,10,512,8,10000,10,429.662,6.726,415.236,435.657,d4rl_three_way_results/model_decision_transformer_expert.pth
expert,mujoco/hopper/expert-v0,DT + Preference,10,512,8,10000,10,571.386,17.869,547.450,611.034,d4rl_three_way_results/model_decision_transformer_preference_expert.pth
expert,mujoco/hopper/expert-v0,Perception Transformer,10,512,8,10000,10,47.730,38.561,23.153,127.399,d4rl_three_way_results/model_perception_transformer_expert.pth
